feature,coefficient,odds_ratio
categorical__marital_status_1,1.156,3.1774
categorical__marital_status_3,1.1214,3.0691
categorical__marital_status_2,0.9644,2.6233
categorical__education_5,-0.8046,0.4473
categorical__education_4,-0.6829,0.5051
remainder__repay_sep,0.5781,1.7826
numerical__bill_amt_sep,-0.4681,0.6262
categorical__education_6,-0.3446,0.7085
categorical__education_1,0.318,1.3744
numerical__bill_amt_aug,0.2869,1.3323
numerical__pay_amt_sep,-0.2599,0.7711
categorical__education_2,0.2097,1.2334
numerical__pay_amt_aug,-0.1935,0.8241
categorical__education_3,0.1701,1.1854
categorical__sex_2,-0.1039,0.9013
numerical__credit_limit,-0.0976,0.907
remainder__repay_aug,0.0919,1.0963
numerical__pay_amt_jun,-0.0891,0.9148
numerical__bill_amt_apr,0.0702,1.0727
remainder__repay_jul,0.0693,1.0718
numerical__pay_amt_may,-0.0504,0.9508
numerical__pay_amt_apr,-0.0417,0.9592
numerical__age,0.0366,1.0373
numerical__pay_amt_jul,-0.0342,0.9664
remainder__repay_jun,0.0272,1.0276
remainder__repay_may,0.0219,1.0221
numerical__bill_amt_may,0.0173,1.0174
numerical__bill_amt_jul,-0.0164,0.9837
numerical__bill_amt_jun,0.0081,1.0082
remainder__repay_apr,0.0038,1.0038
