threshold,precision,recall,f1,accuracy
0.2,0.32926829268292684,0.6923076923076923,0.4462809917355372,0.6198898715167696
0.25,0.4535955746773202,0.5565610859728507,0.4998306806637318,0.7535458034373436
0.3,0.5556603773584906,0.44419306184012064,0.49371332774518023,0.7984315034206574
0.35,0.5973597359735974,0.4095022624434389,0.48590604026845635,0.8082763223761055
0.4,0.6311053984575835,0.3702865761689291,0.4667300380228137,0.8127815785082596
0.45,0.6810897435897436,0.32051282051282054,0.4358974358974359,0.8164525279492741
0.5,0.7310195227765727,0.25414781297134237,0.37716843872411865,0.8142833305523111
0.55,0.7376543209876543,0.18024132730015083,0.2896969696969697,0.804438511596863
0.6,0.7570093457943925,0.12217194570135746,0.21038961038961038,0.797096612714834
0.65,0.743801652892562,0.06787330316742081,0.1243953006219765,0.7885866844652094
0.7,0.7325581395348837,0.04751131221719457,0.08923512747875353,0.7854163190388787
